{
    "name": "Notify on Job Success and Failure",
    "description": "Sends an Email to notify the status of the Job",
    "organization": 1,
    "notification_type": "email",
    "notification_configuration": {
                "username": "",
                "sender": "system@tower.lab.example.com",
                "recipients": [
                    "student@tower.lab.example.com"
                ],
                "use_tls": false,
                "host": "localhost",
                "use_ssl": false,
                "password": "",
                "port": 25
}
}
