{
    "name": "Scan ALL servers",
    "description": "Scan all my webservers",
    "job_type": "scan",
    "inventory": 5,
    "project": null,
    "playbook": "",
    "credential": 2,
    "cloud_credential": null,
    "network_credential": null,
    "forks": 0,
    "limit": "",
    "verbosity": 0,
    "extra_vars": "",
    "job_tags": "",
    "force_handlers": false,
    "skip_tags": "",
    "start_at_task": "",
    "timeout": 0,
    "host_config_key": "",
    "ask_variables_on_launch": false,
    "ask_limit_on_launch": false,
    "ask_tags_on_launch": false,
    "ask_skip_tags_on_launch": false,
    "ask_job_type_on_launch": false,
    "ask_inventory_on_launch": false,
    "ask_credential_on_launch": false,
    "survey_enabled": false,
    "become_enabled": false,
    "allow_simultaneous": false
}
