{
    "name": "What version are you deploying ?",
    "description": "This version number will be displayed at the bottom of the index page",
    "spec": [
        {
        "type": "text",
        "question_name": "What version are you deploying ?",
        "question_description": "This version will be displayed at the bottom of the index page",
        "variable": "deployment_version",
        "required": true,
        "choices": "",
        "new_question": true,
        "min": 1,
        "max": 40,
        "default": "v1.0"
        }
    ]
}
